TRÁFEGO PAGO — META ADS — MAXME BIO,,,
Período:,01/03/2026 a 31/03/2026,,Plataforma: Meta Ads Manager
,,,,
MÉTRICA,MARÇO 2026,MÊS ANTERIOR,VAR.
Investimento,R$ 166.204,00,,
Alcance,447667,,
Impressões,3085049,,
Frequência,6,89,,
CTR (link click-through rate),2,04%,,
Cliques no link,63049,,
Cliques totais (all),76607,,
CPC (custo por clique no link),R$ 2,64,,
CPM (calculado),R$ 53,87,,
,,,,
CONVERSÕES,,,,
Compras atribuídas,1959,,,
CPA (custo por compra),R$ 84,84,,,
ROAS médio,3,56x,,,
Receita atribuída (calculada),R$ 591.686,24,,,
,,,,
DETALHAMENTO POR CAMPANHA,,,,
Campanha,Compras,CPA,ROAS,
Campanha 1,1025,R$ 90,88,3,15x,
Campanha 2,670,R$ 92,95,3,42x,
Campanha 3,106,R$ 30,55,8,97x,
Campanha 4 (topo de funil),— (10.853 viz. de página),R$ 0,06,—,
Campanha 5,158,R$ 43,74,8,26x,
,,,,
INFLUENCIADORAS,,,,
(dados a inserir — aguardando envio),,,,
,,,,
INSIGHTS,,,,
- ROAS médio de 3,56x — R$ 3,56 de retorno para cada R$ 1 investido,,,,
- Frequência de 6,89 está alta — risco de fadiga de criativo,,,,
- Campanhas 3 e 5 têm ROAS acima de 8x — escalar orçamento nessas,,,,
- CTR de 2,04% e CPC de R$2,64 saudáveis,,,,
- Campanha 4 é de awareness (topo) — objetivo de visualização,,,,
