EMAIL MARKETING — MAXME BIO,,,
Período:,Março 2026,,
,,,,
MÉTRICA,MARÇO 2026,FEV 2026,VAR.
Emails enviados,10,7,+43%
Campanhas,2,,"Semana da Mulher (3 emails) + Semana do Consumidor (7 emails)"
Taxa de abertura média,24,40%,,
Taxa de clique média,1,20%,,
,,,,
RECEITA,,,,
Receita total,R$ 258.358,84,,
→ Newsletter / campanhas,R$ 179.137,72,,
→ Automações,R$ 79.221,12,,
Receita por email enviado,R$ 25.835,88,,
,,,,
DESTAQUES DO MÊS,,,,
Tipo,Email,Resultado,
Email mais aberto,"Vem ver o que você está perdendo...",42,80% de abertura
Email mais clicado,Começou a Black do Primeiro Semestre da Maxme Bio,,
Email que mais vendeu,"Um aviso: não normalize isso… (creatina — email 2 da Semana do Consumidor)",R$ 18.254,83 — 48 pedidos
,,,,
COMPARATIVO DE FREQUÊNCIA,,,,
Mês,Qtd Emails,Receita,Receita/Email
Fevereiro 2026,7,,~R$ 18.000 estimado
Março 2026,10,R$ 258.358,84,R$ 25.836
,,,,
PONTOS DE MELHORIA IDENTIFICADOS,,,,
1,A frequência de envios tem correlação direta com receita — aumentar cadência,,
2,Criar campanha para base desengajada,,
3,Revisar automações de boas-vindas e abandono de carrinho,,
4,Explorar mais emails de relacionamento e nutrição de leads,,
