INSTAGRAM — MAXME BIO,,,
Período:,01/03/2026 a 31/03/2026,,
,,,,
SEGUIDORES,,,,
MÉTRICA,MARÇO 2026,FEV 2026,VAR.
Total de seguidores (fim do mês),63911,,+4,5%
Crescimento líquido,+2821,,
Novos seguidores,+3484,,
Deixaram de seguir,-663,,
,,,,
ALCANCE E VISUALIZAÇÕES,,,,
MÉTRICA,MARÇO 2026,FEV 2026,VAR.
Visualizações de reels e posts,188000,,+164%
% visualizações de não seguidores,76%,,+220%
,,,,
CONTEÚDO PUBLICADO,,,,
MÉTRICA,MARÇO 2026,FEV 2026,VAR.
Reels publicados,17,13,+4
Posts publicados,2,,
Total de publicações,19,,
,,,,
AUDIÊNCIA — PERFIL,,,,
Faixa etária,% da audiência,,
45-54 anos,37,0%,,
35-44 anos,32,2%,,
25-34 anos,7,4%,,
18-24 anos,0,7%,,
13-17 anos,0,1%,,
,,,,
Principais cidades,% da audiência,,
São Paulo,10,1%,,
Rio de Janeiro,4,9%,,
Belo Horizonte,4,0%,,
Goiânia,1,6%,,
Curitiba,1,5%,,
,,,,
INSIGHTS,,,,
- Crescimento de 164% em visualizações com apenas +4 reels a mais que fev — qualidade de conteúdo melhorou,,
- 76% das visualizações vieram de não seguidores — alto potencial de aquisição,,
- Público dominante: mulheres entre 35-54 anos — alinhado com produto (suplementos bio),,
- Meta para abril: 5 reels + 1 post por semana (recomendação do Instagram),,
