BLOG / SEO ORGÂNICO — MAXME BIO,,,
Período:,Março 2026,,Fontes: Google Search Console + GA4
,,,,
MÉTRICA,MARÇO 2026,31 DIAS ANT.,VAR. | YoY (3m)
Blogs publicados,8,,,
Cliques orgânicos,4400,,+29,8% | +988%
Impressões,69100,,+6,7% | +813,8%
Posição média,4,3,,-0,59 (melhorou)
Sessões,5363,,+28,0% | +22,6%
Transações,321,,+4,9% | +40,8%
Taxa de conversão,5,99%,,-18,1%
Receita orgânica,R$ 106.412,82,,-8,4% | +43,3%
Duração média da sessão,4:52,,+8,9%
Taxa de engajamento,64,6%,,+1,8%
Cliques non-branded,95,,-22,1% | +3.066,7%
,,,,
INSIGHTS,,,,
- Crescimento YoY de cliques (+988%) e sessões (+22,6%) mostra consistência da estratégia de conteúdo,,
- Posição média 4,3 — muito próximo do top 3 — oportunidade de otimização on-page,,
- Receita orgânica caiu -8,4% vs mês anterior mas cresceu +43,3% vs ano anterior,,
- Taxa de conversão de 5,99% é excelente para SEO,,
- 8 blogs publicados no mês mantêm boa cadência,,
- Cliques non-branded caíram — avaliar oportunidade de fortalecer palavras-chave sem marca,,
